{
  "Category": [
    {
      "Id": 0,
      "ImagePath": "btn_1",
      "Name": "Pizza"
    },
    {
      "Id": 1,
      "ImagePath": "btn_2",
      "Name": "Burger"
    },
    {
      "Id": 2,
      "ImagePath": "btn_3",
      "Name": "Chicken"
    },
    {
      "Id": 3,
      "ImagePath": "btn_4",
      "Name": "Sushi"
    },
    {
      "Id": 4,
      "ImagePath": "btn_5",
      "Name": "Meat"
    },
    {
      "Id": 5,
      "ImagePath": "btn_6",
      "Name": "Hotdog"
    },
    {
      "Id": 6,
      "ImagePath": "btn_7",
      "Name": "Drink"
    },
    {
      "Id": 7,
      "ImagePath": "btn_8",
      "Name": "More"
    }
  ],
  "Foods": [
    {
      "BestMenu": true,
      "CategoryId": 0,
      "Description": "A timeless classic, the Margherita pizza captures the essence of Italian simplicity. The thin, crispy crust is adorned with a luscious layer of fresh tomato sauce, delicate mozzarella cheese, and fragrant basil leaves. This pizza is a celebration of flavors in every bite, delivering a taste of Italy to your palate.",
      "Id": 0,
      "ImagePath": "https://firebasestorage.googleapis.com/v0/b/food-app-98c6e.appspot.com/o/Margherita%20Flatbread.jpg?alt=media&token=cd3edd2a-c770-4ccd-9aa1-2b15ea99ad33",
      "LocationId": 1,
      "Price": 10.99,
      "PriceId": 1,
      "Star": 4.5,
      "TimeId": 1,
      "TimeValue": 15,
      "Title": "Margherita"
    },
    {
      "BestMenu": true,
      "CategoryId": 0,
      "Description": "Indulge in the Pepperoni Lovers pizza, a carnivore's dream come true. The crust is generously topped with zesty pepperoni slices, perfectly melding with the melted mozzarella and robust tomato sauce. Each mouthful is a symphony of savory and spicy notes, making it a go-to choice for those who savor the boldness of pepperoni.",
      "Id": 1,
      "ImagePath": "https://firebasestorage.googleapis.com/v0/b/food-app-98c6e.appspot.com/o/Pepperoni%20Lovers.jpg?alt=media&token=59dca04d-4aca-4ade-9f2c-a813c4aef8d8",
      "LocationId": 1,
      "Price": 12.99,
      "PriceId": 1,
      "Star": 4.7,
      "TimeId": 1,
      "TimeValue": 18,
      "Title": "Pepperoni Lovers"
    },
    {
      "BestMenu": false,
      "CategoryId": 0,
      "Description": "The Veggie Supreme pizza is a colorful masterpiece that caters to vegetarian cravings. Loaded with a medley of bell peppers, onions, olives, and mushrooms, this pizza offers a symphony of textures and tastes. The combination of fresh, vibrant vegetables atop a golden crust creates a delightful and satisfying experience.",
      "Id": 2,
      "ImagePath": "https://firebasestorage.googleapis.com/v0/b/food-app-98c6e.appspot.com/o/Veggie%20Supreme.jpg?alt=media&token=6a081e64-1cc1-4b06-9c3d-2bb6e7f2f808",
      "LocationId": 1,
      "Price": 11.99,
      "PriceId": 1,
      "Star": 4.5,
      "TimeId": 1,
      "TimeValue": 20,
      "Title": "Veggie Supreme"
    },
    {
      "BestMenu": false,
      "CategoryId": 0,
      "Description": "Experience the smoky allure of the BBQ Chicken Delight pizza. Succulent pieces of BBQ-infused chicken are paired with the sweetness of red onions and the crunch of bell peppers. All of this is embraced by a delectable blend of cheeses, making every slice a journey into the world of bold barbecue flavors.",
      "Id": 3,
      "ImagePath": "https://firebasestorage.googleapis.com/v0/b/food-app-98c6e.appspot.com/o/BBQ%20Chicken%20Delight.jpg?alt=media&token=e849a5c2-c075-47ed-b213-607dea1a3dbe",
      "LocationId": 1,
      "Price": 13.99,
      "PriceId": 1,
      "Star": 4.6,
      "TimeId": 1,
      "TimeValue": 22,
      "Title": "BBQ Chicken Delight"
    },
    {
      "BestMenu": true,
      "CategoryId": 0,
      "Description": "Transport your taste buds to a tropical paradise with the Hawaiian pizza. This delightful creation features a harmonious blend of savory ham, juicy pineapple chunks, and a tantalizing drizzle of BBQ sauce. Each bite is a blissful combination of sweet and savory, capturing the essence of a Hawaiian escape.",
      "Id": 4,
      "ImagePath": "https://firebasestorage.googleapis.com/v0/b/food-app-98c6e.appspot.com/o/Hawaiian%20Paradise.jpg?alt=media&token=ee0a9302-62de-4a1c-89f6-2a0a1a887d37",
      "LocationId": 0,
      "Price": 11.99,
      "PriceId": 1,
      "Star": 4.3,
      "TimeId": 1,
      "TimeValue": 17,
      "Title": "Hawaiian Paradise"
    },
    {
      "BestMenu": false,
      "CategoryId": 0,
      "Description": "The Meat Feast pizza is a carnivore's extravaganza, boasting a tantalizing assortment of meats. From savory sausage to crispy bacon and zesty pepperoni, this pizza is a flavor-packed journey through the rich and hearty world of meaty goodness. Perfect for those who crave a protein-packed pizza experience.",
      "Id": 5,
      "ImagePath": "https://firebasestorage.googleapis.com/v0/b/food-app-98c6e.appspot.com/o/Meat%20Feast%20pizza.jpg?alt=media&token=d26b69d5-d4ed-47ce-b1cd-992fee54de28",
      "LocationId": 1,
      "Price": 14.99,
      "PriceId": 1,
      "Star": 4.8,
      "TimeId": 2,
      "TimeValue": 35,
      "Title": "Meat Feast"
    },
    {
      "BestMenu": false,
      "CategoryId": 0,
      "Description": "https://firebasestorage.googleapis.com/v0/b/fir-test-aa9c8.appspot.com/o/Mediterranean%20Joy.jpg?alt=media&token=d1fba67f-e182-4c77-8ec2-cb9b1f459605",
      "Id": 6,
      "ImagePath": "https://firebasestorage.googleapis.com/v0/b/food-app-98c6e.appspot.com/o/Mediterranean%20Joy.jpg?alt=media&token=d6aff806-34a6-4dc3-b590-cc1fd991c8cc",
      "LocationId": 1,
      "Price": 12.99,
      "PriceId": 1,
      "Star": 4.5,
      "TimeId": 1,
      "TimeValue": 21,
      "Title": "Mediterranean Joy"
    },
    {
      "BestMenu": false,
      "CategoryId": 0,
      "Description": "Cheese enthusiasts rejoice in the Four Cheese Delight pizza. A symphony of mozzarella, cheddar, parmesan, and feta cheeses come together to create a mouthwatering blend of cheesy perfection. Each bite is a celebration of indulgence for those who appreciate the rich and diverse world of cheeses.",
      "Id": 7,
      "ImagePath": "https://firebasestorage.googleapis.com/v0/b/food-app-98c6e.appspot.com/o/Four%20Cheese%20Delight.jpg?alt=media&token=52b5caa3-42fb-4c16-84b7-53cf2a0f00b1",
      "LocationId": 0,
      "Price": 13.99,
      "PriceId": 1,
      "Star": 4.7,
      "TimeId": 1,
      "TimeValue": 23,
      "Title": "Four Cheese Delight"
    },
    {
      "BestMenu": true,
      "CategoryId": 1,
      "Description": "Embrace the simplicity of the Classic Beef Burger, featuring a juicy beef patty nestled between a toasted sesame seed bun. Topped with crisp lettuce, ripe tomato, and a special sauce, it's a timeless rendition of the all-American burger.",
      "Id": 8,
      "ImagePath": "https://firebasestorage.googleapis.com/v0/b/food-app-98c6e.appspot.com/o/Classic%20Beef%20Burger.jpg?alt=media&token=2e7c008c-ef30-43c8-a02f-5ceffbfe8297",
      "LocationId": 1,
      "Price": 8.99,
      "PriceId": 0,
      "Star": 4.5,
      "TimeId": 1,
      "TimeValue": 15,
      "Title": "Classic Beef Burger"
    },
    {
      "BestMenu": true,
      "CategoryId": 1,
      "Description": "Heat things up with the Spicy Jalapeño Burger. A flame-kissed patty infused with jalapeños is crowned with pepper jack cheese and a zesty chipotle mayo, offering a tantalizing kick for those who crave a spicy burger adventure.",
      "Id": 9,
      "ImagePath": "https://firebasestorage.googleapis.com/v0/b/food-app-98c6e.appspot.com/o/Spicy%20Jalapen%CC%83o%20Burger.jpg?alt=media&token=54c18f66-cc7d-4357-aaf7-52515144d0f4",
      "LocationId": 1,
      "Price": 9.99,
      "PriceId": 0,
      "Star": 4.7,
      "TimeId": 1,
      "TimeValue": 18,
      "Title": "Spicy Jalapeño Burger"
    },
    {
      "BestMenu": false,
      "CategoryId": 1,
      "Description": "Indulge in the earthy flavors of the Mushroom Swiss Delight Burger. A succulent patty is topped with sautéed mushrooms and a drizzle of truffle aioli, creating a burger that caters to the discerning palate.",
      "Id": 10,
      "ImagePath": "https://firebasestorage.googleapis.com/v0/b/food-app-98c6e.appspot.com/o/Mushroom%20Swiss%20Delight.jpg?alt=media&token=c98513aa-a8d5-40ca-84fe-1b1ce85d67d4",
      "LocationId": 0,
      "Price": 10.49,
      "PriceId": 1,
      "Star": 4.7,
      "TimeId": 1,
      "TimeValue": 18,
      "Title": "Mushroom Swiss Delight"
    },
    {
      "BestMenu": false,
      "CategoryId": 1,
      "Description": "Opt for a healthier option with the Chicken Avocado Bliss Burger. A grilled chicken breast takes center stage, adorned with fresh avocado, crisp lettuce, and creamy ranch dressing on a wholesome whole wheat bun.",
      "Id": 11,
      "ImagePath": "https://firebasestorage.googleapis.com/v0/b/food-app-98c6e.appspot.com/o/Chicken%20Avocado%20Bliss.jpg?alt=media&token=aa02881f-1ebc-4864-9b30-2e1fce260ed9",
      "LocationId": 1,
      "Price": 10.49,
      "PriceId": 1,
      "Star": 4.4,
      "TimeId": 1,
      "TimeValue": 20,
      "Title": "Chicken Avocado Bliss"
    },
    {
      "BestMenu": false,
      "CategoryId": 1,
      "Description": "For bacon aficionados, the Bacon and Cheese Heaven Burger is a must-try. A beef patty is adorned with crispy bacon, cheddar cheese, and a tangy BBQ sauce, creating a heavenly combination of smoky and savory flavors.",
      "Id": 12,
      "ImagePath": "https://firebasestorage.googleapis.com/v0/b/food-app-98c6e.appspot.com/o/Bacon%20and%20Cheese%20Heaven.jpg?alt=media&token=686649fc-9b50-4eaa-9dcc-1e7059c6a737",
      "LocationId": 1,
      "Price": 11.99,
      "PriceId": 1,
      "Star": 4.3,
      "TimeId": 1,
      "TimeValue": 17,
      "Title": "Bacon and Cheese Heaven"
    },
    {
      "BestMenu": false,
      "CategoryId": 1,
      "Description": "Experience a symphony of flavors with the Veggie Extravaganza Burger. A hearty veggie patty takes center stage, complemented by grilled vegetables, hummus, and tzatziki sauce, catering to those who prefer a vegetarian delight.",
      "Id": 13,
      "ImagePath": "https://firebasestorage.googleapis.com/v0/b/food-app-98c6e.appspot.com/o/Veggie%20Extravaganza.jpg?alt=media&token=6e071b9a-1a0c-42c2-922f-98f3a30958f6",
      "LocationId": 0,
      "Price": 10.99,
      "PriceId": 1,
      "Star": 4.8,
      "TimeId": 2,
      "TimeValue": 35,
      "Title": "Veggie Extravaganza"
    },
    {
      "BestMenu": false,
      "CategoryId": 1,
      "Description": "Transport your taste buds to the tropics with the Teriyaki Pineapple Pleasure Burger. Featuring teriyaki-glazed chicken or tofu, grilled pineapple, and green onions, it's a delightful fusion of sweet and savory flavors.",
      "Id": 14,
      "ImagePath": "https://firebasestorage.googleapis.com/v0/b/food-app-98c6e.appspot.com/o/Teriyaki%20Pineapple%20Pleasure.jpg?alt=media&token=3cfe0df9-5304-4e12-be09-f03bedabbff8",
      "LocationId": 1,
      "Price": 11.49,
      "PriceId": 1,
      "Star": 4.5,
      "TimeId": 1,
      "TimeValue": 21,
      "Title": "Teriyaki Pineapple Pleasure"
    },
    {
      "BestMenu": false,
      "CategoryId": 1,
      "Description": "Experience a flavor explosion with the BBQ Ranch Delight Burger. A beef patty is joined by crispy bacon, cheddar cheese, BBQ ranch dressing, and crispy onions on a ciabatta bun, creating a symphony of bold and savory notes.",
      "Id": 15,
      "ImagePath": "https://firebasestorage.googleapis.com/v0/b/food-app-98c6e.appspot.com/o/BBQ%20Ranch%20Delight.jpg?alt=media&token=a6eedba3-73b6-41cb-8ee2-08ffcdbf22a1",
      "LocationId": 0,
      "Price": 12.49,
      "PriceId": 1,
      "Star": 4.7,
      "TimeId": 1,
      "TimeValue": 23,
      "Title": "BBQ Ranch Delight"
    },
    {
      "BestMenu": false,
      "CategoryId": 2,
      "Description": "Delight in the crispy perfection of our Original Crispy Chicken, seasoned to golden-brown perfection for a satisfying crunch in every bite.",
      "Id": 16,
      "ImagePath": "https://firebasestorage.googleapis.com/v0/b/food-app-98c6e.appspot.com/o/Original%20Crispy%20Chicken.jpg?alt=media&token=ec89df18-05bb-4ab6-985d-d74549e1b440",
      "LocationId": 0,
      "Price": 9.99,
      "PriceId": 0,
      "Star": 4.7,
      "TimeId": 1,
      "TimeValue": 18,
      "Title": "Original Crispy Chicken"
    },
    {
      "BestMenu": false,
      "CategoryId": 2,
      "Description": "Experience a burst of heat with our Spicy Buffalo Wings, tender chicken wings coated in a zesty buffalo sauce for a fiery kick.",
      "Id": 17,
      "ImagePath": "https://firebasestorage.googleapis.com/v0/b/food-app-98c6e.appspot.com/o/Spicy%20Buffalo%20Wings.jpg?alt=media&token=5657b247-8e00-4a68-9d60-5850e6d4fc5b",
      "LocationId": 0,
      "Price": 8.99,
      "PriceId": 0,
      "Star": 4.6,
      "TimeId": 1,
      "TimeValue": 18,
      "Title": "Spicy Buffalo Wings"
    },
    {
      "BestMenu": false,
      "CategoryId": 2,
      "Description": "Indulge in the sweet and savory goodness of our Honey Mustard Glazed Tenders, featuring succulent chicken tenders coated in a luscious honey mustard glaze.",
      "Id": 18,
      "ImagePath": "https://firebasestorage.googleapis.com/v0/b/food-app-98c6e.appspot.com/o/Honey%20Mustard%20Glazed%20Tenders.jpg?alt=media&token=d0a28f00-6e43-4aec-8912-3c032c2caffe",
      "LocationId": 1,
      "Price": 10.49,
      "PriceId": 1,
      "Star": 4.5,
      "TimeId": 0,
      "TimeValue": 9,
      "Title": "Honey Mustard Glazed Tenders"
    },
    {
      "BestMenu": false,
      "CategoryId": 2,
      "Description": "Elevate your taste buds with our Lemon Pepper Chicken, crispy tenders seasoned with zesty lemon and aromatic black pepper for a refreshing flavor.",
      "Id": 19,
      "ImagePath": "https://firebasestorage.googleapis.com/v0/b/food-app-98c6e.appspot.com/o/Lemon%20Pepper%20Chicken.jpg?alt=media&token=315cae9a-fff0-4a87-ac43-bc0be48bd697",
      "LocationId": 0,
      "Price": 9.49,
      "PriceId": 0,
      "Star": 4.4,
      "TimeId": 1,
      "TimeValue": 16,
      "Title": "Lemon Pepper Chicken"
    },
    {
      "BestMenu": false,
      "CategoryId": 2,
      "Description": "Embark on a flavorful journey with our Korean Fried Chicken, featuring a crispy exterior and a tantalizing sweet and spicy glaze.",
      "Id": 20,
      "ImagePath": "https://firebasestorage.googleapis.com/v0/b/food-app-98c6e.appspot.com/o/Korean%20Fried%20Chicken.jpg?alt=media&token=039871b0-ca7e-4358-b052-9963f2d6321d",
      "LocationId": 1,
      "Price": 11.99,
      "PriceId": 1,
      "Star": 4.8,
      "TimeId": 1,
      "TimeValue": 22,
      "Title": "Korean Fried Chicken"
    },
    {
      "BestMenu": false,
      "CategoryId": 2,
      "Description": "Experience Southern comfort with our Southern-Style Chicken Biscuit, pairing a crispy chicken fillet with a warm, flaky biscuit.",
      "Id": 21,
      "ImagePath": "https://firebasestorage.googleapis.com/v0/b/food-app-98c6e.appspot.com/o/Southern-Style%20Chicken%20Biscuit.jpg?alt=media&token=f07e0bd3-778b-4093-97b4-4a58388da654",
      "LocationId": 0,
      "Price": 8.99,
      "PriceId": 0,
      "Star": 4.6,
      "TimeId": 1,
      "TimeValue": 12,
      "Title": "Southern-Style Chicken Biscuit"
    },
    {
      "BestMenu": false,
      "CategoryId": 2,
      "Description": "Enjoy the fusion of flavors with our Teriyaki Chicken Wings, glazed in a luscious teriyaki sauce for a perfect blend of sweet and savory.",
      "Id": 22,
      "ImagePath": "https://firebasestorage.googleapis.com/v0/b/food-app-98c6e.appspot.com/o/Teriyaki%20Chicken%20Wings.jpg?alt=media&token=55d09883-34e2-4c4b-896b-c9ba552206c8",
      "LocationId": 0,
      "Price": 8.99,
      "PriceId": 0,
      "Star": 4.6,
      "TimeId": 1,
      "TimeValue": 17,
      "Title": "Teriyaki Chicken Wings"
    },
    {
      "BestMenu": false,
      "CategoryId": 2,
      "Description": "Indulge in the rich and savory goodness of our Garlic Parmesan Chicken, featuring succulent chicken bites coated in a flavorful garlic and parmesan crust.",
      "Id": 23,
      "ImagePath": "https://firebasestorage.googleapis.com/v0/b/food-app-98c6e.appspot.com/o/Garlic%20Parmesan%20Chicken.jpg?alt=media&token=f1a6bbb1-b928-45c0-9373-0b1ac81f4064",
      "LocationId": 0,
      "Price": 9.99,
      "PriceId": 0,
      "Star": 4.5,
      "TimeId": 1,
      "TimeValue": 19,
      "Title": "Garlic Parmesan Chicken"
    },
    {
      "BestMenu": false,
      "CategoryId": 5,
      "Description": "Embrace tradition with the Classic Beef Hot Dog, a quintessential favorite featuring a succulent beef frankfurter topped with mustard and diced onions.",
      "Id": 24,
    "ImagePath": "https://firebasestorage.googleapis.com/v0/b/food-app-98c6e.appspot.com/o/Classic%20Beef%20Hot%20Dog.jpg?alt=media&token=7ae5e1fd-9cce-497a-bfbf-c195ffbdcd45",
      "LocationId": 0,
      "Price": 5.99,
      "PriceId": 0,
      "Star": 4.2,
      "TimeId": 0,
      "TimeValue": 9,
      "Title": "Classic Beef Hot Dog"
    },
    {
      "BestMenu": false,
      "CategoryId": 5,
      "Description": "Indulge in comfort with the Chili Cheese Dog, a hearty delight boasting a beef hot dog smothered in rich chili, melted cheddar cheese, and diced onions.",
      "Id": 25,
    "ImagePath": "https://firebasestorage.googleapis.com/v0/b/food-app-98c6e.appspot.com/o/Chili%20Cheese%20Dog.jpg?alt=media&token=0c73e16d-4c67-420d-b186-6f8f7dc0d8da",
      "LocationId": 0,
      "Price": 6.49,
      "PriceId": 0,
      "Star": 4.5,
      "TimeId": 1,
      "TimeValue": 12,
      "Title": "Chili Cheese Dog"
    },
    {
      "BestMenu": false,
      "CategoryId": 5,
      "Description": "Enjoy a plant-based option with the Veggie Dog featuring sauerkraut, mustard, and a flavorful veggie frankfurter in a soft bun.",
      "Id": 26,
    "ImagePath": "https://firebasestorage.googleapis.com/v0/b/food-app-98c6e.appspot.com/o/Veggie%20Dog%20with%20Sauerkraut.jpg?alt=media&token=7107c853-a20a-4e48-9568-ca8d9dc6c1ee",
      "LocationId": 0,
      "Price": 6.49,
      "PriceId": 0,
      "Star": 4.5,
      "TimeId": 1,
      "TimeValue": 12,
      "Title": "Veggie Dog with Sauerkraut"
    },
    {
      "BestMenu": false,
      "CategoryId": 5,
      "Description": "Take a bite of Chicago with the Chicago Style Hot Dog, a beef frankfurter adorned with mustard, onions, sweet pickle relish, tomatoes, and a pickle spear.",
      "Id": 27,
    "ImagePath": "https://firebasestorage.googleapis.com/v0/b/food-app-98c6e.appspot.com/o/Chicago%20Style%20Hot%20Dog.jpg?alt=media&token=20fe01f7-67ac-45bc-8a91-a9dcee6349c9",
      "LocationId": 1,
      "Price": 7.49,
      "PriceId": 0,
      "Star": 4.3,
      "TimeId": 1,
      "TimeValue": 15,
      "Title": "Chicago Style Hot Dog"
    },
    {
      "BestMenu": false,
      "CategoryId": 5,
      "Description": "Elevate your hot dog experience with the Pretzel Bun Dog, featuring a beef frankfurter nestled in a soft pretzel bun.",
      "Id": 28,
    "ImagePath": "https://firebasestorage.googleapis.com/v0/b/food-app-98c6e.appspot.com/o/Pretzel%20Bun%20Dog.jpg?alt=media&token=a333f31e-bde5-4277-9e50-104b548495fd",
      "LocationId": 0,
      "Price": 6.99,
      "PriceId": 0,
      "Star": 4.4,
      "TimeId": 1,
      "TimeValue": 18,
      "Title": "Pretzel Bun Dog"
    },
    {
      "BestMenu": false,
      "CategoryId": 5,
      "Description": "Embark on a tropical journey with the Hawaiian BBQ Dog, featuring a beef frankfurter topped with Hawaiian flavors, including pineapple and BBQ sauce.",
      "Id": 29,
      "ImagePath": "https://firebasestorage.googleapis.com/v0/b/food-app-98c6e.appspot.com/o/Hawaiian%20BBQ%20Dog.jpg?alt=media&token=145af2fd-217a-4c07-8c2b-e86bc69a6fc1",
      "LocationId": 1,
      "Price": 7.99,
      "PriceId": 0,
      "Star": 4.4,
      "TimeId": 1,
      "TimeValue": 17,
      "Title": "Hawaiian BBQ Dog"
    },
    {
      "BestMenu": false,
      "CategoryId": 5,
      "Description": "Spice things up with the Kimchi Hot Dog, a fusion of flavors with a beef frankfurter topped with spicy kimchi.",
      "Id": 30,
      "ImagePath": "https://firebasestorage.googleapis.com/v0/b/food-app-98c6e.appspot.com/o/Kimchi%20Hot%20Dog.jpg?alt=media&token=5b33040c-4c10-4b08-8871-ef46247ae421",
      "LocationId": 0,
      "Price": 7.99,
      "PriceId": 0,
      "Star": 4.8,
      "TimeId": 1,
      "TimeValue": 20,
      "Title": "Kimchi Hot Dog"
    },
    {
      "BestMenu": false,
      "CategoryId": 5,
      "Description": "Experience a twist on a classic with the Reuben Style Hot Dog, featuring a beef frankfurter topped with corned beef, sauerkraut, Swiss cheese, and Thousand Island dressing.",
      "Id": 31,
      "ImagePath": "https://firebasestorage.googleapis.com/v0/b/food-app-98c6e.appspot.com/o/Reuben%20Style%20Hot%20Dog.jpg?alt=media&token=5b8d28fe-3fc5-4d16-89d0-2bb6449e7c4b",
      "LocationId": 1,
      "Price": 25,
      "PriceId": 1,
      "Star": 4.7,
      "TimeId": 0,
      "TimeValue": 8,
      "Title": "Reuben Style Hot Dog"
    },
    {
      "BestMenu": false,
      "CategoryId": 3,
      "Description": "Dive into the Classic California Roll, featuring crab, avocado, and cucumber wrapped in a sheet of nori.",
      "Id": 32,
     "ImagePath": "https://firebasestorage.googleapis.com/v0/b/food-app-98c6e.appspot.com/o/California%20Roll.jpg?alt=media&token=6460566c-51ed-4529-9bef-6060777eff21",
      "LocationId": 0,
      "Price": 9.99,
      "PriceId": 0,
      "Star": 4.6,
      "TimeId": 1,
      "TimeValue": 20,
      "Title": "California Roll"
    },
    {
      "BestMenu": false,
      "CategoryId": 3,
      "Description": "Heat things up with the Spicy Tuna Roll, a tantalizing blend of spicy tuna, cucumber, and fiery mayo.",
      "Id": 33,
     "ImagePath": "https://firebasestorage.googleapis.com/v0/b/food-app-98c6e.appspot.com/o/Spicy%20Tuna%20Roll.jpg?alt=media&token=143b0d04-eadb-4ed3-8985-f886a8bd0989",
      "LocationId": 1,
      "Price": 10.49,
      "PriceId": 1,
      "Star": 4.7,
      "TimeId": 1,
      "TimeValue": 22,
      "Title": "Spicy Tuna Roll"
    },
    {
      "BestMenu": false,
      "CategoryId": 3,
      "Description": "Savor simplicity with our Salmon Nigiri, featuring succulent salmon slices atop seasoned rice.",
      "Id": 34,
     "ImagePath": "https://firebasestorage.googleapis.com/v0/b/food-app-98c6e.appspot.com/o/Salmon%20Nigiri.jpg?alt=media&token=553906ba-de33-4cb2-8c7a-165a66f57ce0",
      "LocationId": 0,
      "Price": 7.99,
      "PriceId": 0,
      "Star": 4.5,
      "TimeId": 1,
      "TimeValue": 18,
      "Title": "Salmon Nigiri"
    },
    {
      "BestMenu": false,
      "CategoryId": 3,
      "Description": "Indulge in artistic presentation with the Dragon Roll, featuring eel, avocado, and cucumber topped with thinly sliced avocado.",
      "Id": 35,
     "ImagePath": "https://firebasestorage.googleapis.com/v0/b/food-app-98c6e.appspot.com/o/Dragon%20Roll.jpg?alt=media&token=0ca7c372-b799-4c23-ae0d-ee3ad93fd25c",
      "LocationId": 1,
      "Price": 12.99,
      "PriceId": 1,
      "Star": 4.9,
      "TimeId": 1,
      "TimeValue": 25,
      "Title": "Dragon Roll"
    },
    {
      "BestMenu": false,
      "CategoryId": 3,
      "Description": "Enjoy a burst of colors and flavors with the Rainbow Roll, showcasing a variety of fresh vegetables and avocado atop a maki roll.",
      "Id": 36,
     "ImagePath": "https://firebasestorage.googleapis.com/v0/b/food-app-98c6e.appspot.com/o/Rainbow%20Roll.jpg?alt=media&token=c101a2e8-4fe6-47fa-965d-eb082b5be2db",
      "LocationId": 1,
      "Price": 11.99,
      "PriceId": 1,
      "Star": 4.9,
      "TimeId": 2,
      "TimeValue": 30,
      "Title": "Rainbow Roll"
    },
    {
      "BestMenu": false,
      "CategoryId": 3,
      "Description": "Experience the crispy goodness of our Tempura Shrimp Roll, featuring tempura shrimp, avocado, and cucumber wrapped in a cone of nori.",
      "Id": 37,
     "ImagePath": "https://firebasestorage.googleapis.com/v0/b/food-app-98c6e.appspot.com/o/Tempura%20Shrimp%20Roll.jpg?alt=media&token=03173254-f374-48e7-851b-68a4955aeab0",
      "LocationId": 1,
      "Price": 11.99,
      "PriceId": 1,
      "Star": 4.9,
      "TimeId": 1,
      "TimeValue": 26,
      "Title": "Tempura Shrimp Roll"
    },
    {
      "BestMenu": false,
      "CategoryId": 3,
      "Description": "Savor the freshness of our Veggie Roll, filled with a medley of crisp vegetables for a delightful vegetarian option.",
      "Id": 38,
     "ImagePath": "https://firebasestorage.googleapis.com/v0/b/food-app-98c6e.appspot.com/o/Veggie%20Roll.jpg?alt=media&token=6ae0d00d-724f-4f75-9421-ba8bdbc6d4ee",
      "LocationId": 0,
      "Price": 9.49,
      "PriceId": 0,
      "Star": 4.5,
      "TimeId": 1,
      "TimeValue": 21,
      "Title": "Veggie Roll"
    },
    {
      "BestMenu": false,
      "CategoryId": 3,
      "Description": "Indulge in the purity of flavors with our Sashimi Platter, featuring an assortment of fresh and thinly sliced raw fish.",
      "Id": 39,
     "ImagePath": "https://firebasestorage.googleapis.com/v0/b/food-app-98c6e.appspot.com/o/Sashimi%20Platter.jpg?alt=media&token=0df70ea4-20d9-4941-bcb5-23fbc8c68cb6",
      "LocationId": 1,
      "Price": 16.99,
      "PriceId": 1,
      "Star": 4.9,
      "TimeId": 2,
      "TimeValue": 35,
      "Title": "Sashimi Platter"
    },
    {
      "BestMenu": false,
      "CategoryId": 4,
      "Description": " Savor the richness of our Grilled Ribeye Steak, a succulent and well-marbled cut, expertly grilled to perfection. Accompanied by a flavorful blend of herbs and spices, this dish promises a melt-in-your-mouth experience.",
      "Id": 40,
     "ImagePath": "https://firebasestorage.googleapis.com/v0/b/food-app-98c6e.appspot.com/o/Grilled%20Ribeye%20Steak.jpg?alt=media&token=a6cbf3f5-5171-4ce0-ab82-a1c7547a584b",
      "LocationId": 0,
      "Price": 34.99,
      "PriceId": 2,
      "Star": 4.6,
      "TimeId": 1,
      "TimeValue": 25,
      "Title": "Grilled Ribeye Steak"
    },
    {
      "BestMenu": false,
      "CategoryId": 4,
      "Description": "Embark on a culinary journey with our Spicy Moroccan Lamb Chops, featuring tender lamb chops marinated in exotic spices and grilled to a spicy perfection. A bold and flavorful choice for lamb enthusiasts.",
      "Id": 41,
     "ImagePath": "https://firebasestorage.googleapis.com/v0/b/food-app-98c6e.appspot.com/o/Spicy%20Moroccan%20Lamb%20Chops.jpg?alt=media&token=e269ca4d-b11f-42f6-834c-d5c2d0080064",
      "LocationId": 1,
      "Price": 29.99,
      "PriceId": 1,
      "Star": 4.5,
      "TimeId": 2,
      "TimeValue": 35,
      "Title": "Spicy Moroccan Lamb Chops"
    },
    {
      "BestMenu": false,
      "CategoryId": 4,
      "Description": "Dive into the smoky goodness of our Smoked BBQ Brisket, a slow-cooked masterpiece featuring tender brisket, seasoned with our signature barbecue rub, and smoked to perfection. A true barbecue delight.",
      "Id": 42,
    "ImagePath": "https://firebasestorage.googleapis.com/v0/b/food-app-98c6e.appspot.com/o/Smoked%20BBQ%20Brisket.jpg?alt=media&token=bce6a357-7154-4917-8bd7-9c442dfe904a",
      "LocationId": 0,
      "Price": 32.99,
      "PriceId": 2,
      "Star": 4.8,
      "TimeId": 2,
      "TimeValue": 60,
      "Title": "Smoked BBQ Brisket"
    },
    {
      "BestMenu": false,
      "CategoryId": 4,
      "Description": " Indulge in the elegance of our Pan-Seared Garlic Butter Sirloin, a juicy sirloin steak pan-seared to perfection and topped with a luscious garlic butter sauce. A symphony of flavors for steak connoisseurs.",
      "Id": 43,
    "ImagePath": "https://firebasestorage.googleapis.com/v0/b/food-app-98c6e.appspot.com/o/Pan-Seared%20Garlic%20Butter%20Sirloin.jpg?alt=media&token=c017013f-45ff-407e-b62a-b291fff77460",
      "LocationId": 1,
      "Price": 26.99,
      "PriceId": 1,
      "Star": 4.7,
      "TimeId": 1,
      "TimeValue": 23,
      "Title": "Pan-Seared Garlic Butter Sirloin"
    },
    {
      "BestMenu": false,
      "CategoryId": 4,
      "Description": " Experience the sweet and savory fusion of our Teriyaki Glazed Chicken Thighs, featuring succulent chicken thighs marinated in a flavorful teriyaki sauce and grilled to perfection. A delightful Asian-inspired choice.",
      "Id": 44,
    "ImagePath": "https://firebasestorage.googleapis.com/v0/b/food-app-98c6e.appspot.com/o/Teriyaki%20Glazed%20Chicken%20Thighs.jpg?alt=media&token=c861824c-50de-4e17-aa4f-304afcd570ac",
      "LocationId": 1,
      "Price": 18.99,
      "PriceId": 1,
      "Star": 4.6,
      "TimeId": 2,
      "TimeValue": 30,
      "Title": "Teriyaki Glazed Chicken Thighs"
    },
    {
      "BestMenu": false,
      "CategoryId": 4,
      "Description": "Elevate your dining experience with our Bacon-Wrapped Filet Mignon, a premium cut of beef tenderloin wrapped in savory bacon, cooked to your desired level of doneness. A true indulgence for steak enthusiasts.",
      "Id": 45,
    "ImagePath": "https://firebasestorage.googleapis.com/v0/b/food-app-98c6e.appspot.com/o/Bacon-Wrapped%20Filet%20Mignon.jpg?alt=media&token=e0644484-9597-40a7-a536-09668197b572",
      "LocationId": 0,
      "Price": 36.99,
      "PriceId": 2,
      "Star": 5,
      "TimeId": 1,
      "TimeValue": 20,
      "Title": "Bacon-Wrapped Filet Mignon"
    },
    {
      "BestMenu": false,
      "CategoryId": 4,
      "Description": "Immerse yourself in the bold flavors of our Korean BBQ Short Ribs, featuring marinated short ribs grilled to perfection, delivering a delightful combination of sweetness and savory goodness.",
      "Id": 46,
     "ImagePath": "https://firebasestorage.googleapis.com/v0/b/food-app-98c6e.appspot.com/o/Korean%20BBQ%20Short%20Ribs.jpg?alt=media&token=925b9ae8-5f15-4925-9874-2ef25cd7f41f",
      "LocationId": 1,
      "Price": 22.99,
      "PriceId": 1,
      "Star": 4.4,
      "TimeId": 2,
      "TimeValue": 40,
      "Title": "Korean BBQ Short Ribs"
    },
    {
      "BestMenu": false,
      "CategoryId": 4,
      "Description": "Delight in our Stuffed Bell Peppers with Ground Turkey, a wholesome dish featuring bell peppers filled with a flavorful blend of ground turkey, herbs, and spices, baked to perfection.",
      "Id": 47,
    "ImagePath": "https://firebasestorage.googleapis.com/v0/b/food-app-98c6e.appspot.com/o/Stuffed%20Bell%20Peppers%20with%20Ground%20Turkey.jpg?alt=media&token=8368c602-8613-443c-92ff-387551ffefea",
      "LocationId": 0,
      "Price": 16.99,
      "PriceId": 1,
      "Star": 4.3,
      "TimeId": 2,
      "TimeValue": 45,
      "Title": "Stuffed Bell Peppers with Ground Turkey"
    },
    {
      "BestMenu": false,
      "CategoryId": 6,
      "Description": "Refresh with our Fresh Orange Juice, a zesty and invigorating drink squeezed from the finest oranges.",
      "Id": 48,
    "ImagePath": "https://firebasestorage.googleapis.com/v0/b/food-app-98c6e.appspot.com/o/Fresh%20Orange%20Juice.jpg?alt=media&token=bd55fc20-67b0-45b7-972b-e03b2ad0da05",
      "LocationId": 0,
      "Price": 3.99,
      "PriceId": 0,
      "Star": 4.6,
      "TimeId": 0,
      "TimeValue": 5,
      "Title": "Fresh Orange Juice"
    },
    {
      "BestMenu": false,
      "CategoryId": 6,
      "Description": "Indulge in the Berry Blast Smoothie, a refreshing blend of mixed berries and yogurt for a fruity and nutritious treat.",
      "Id": 49,
     "ImagePath": "https://firebasestorage.googleapis.com/v0/b/food-app-98c6e.appspot.com/o/Berry%20Blast%20Smoothie.jpg?alt=media&token=d483caaf-0d01-428d-b8d7-3cbf1ae2efae",
      "LocationId": 0,
      "Price": 4.49,
      "PriceId": 0,
      "Star": 4.8,
      "TimeId": 0,
      "TimeValue": 7,
      "Title": "Berry Blast Smoothie"
    },
    {
      "BestMenu": false,
      "CategoryId": 6,
      "Description": "Savor the Iced Caramel Macchiato, a sweet and energizing coffee delight made with espresso, caramel syrup, milk, and ice.",
      "Id": 50,
     "ImagePath": "https://firebasestorage.googleapis.com/v0/b/food-app-98c6e.appspot.com/o/Iced%20Caramel%20Macchiato.jpg?alt=media&token=ec4b9969-6617-46bb-b3c9-f9b5cc0f29a1",
      "LocationId": 0,
      "Price": 4.99,
      "PriceId": 0,
      "Star": 4.5,
      "TimeId": 0,
      "TimeValue": 3,
      "Title": "Iced Caramel Macchiato"
    },
    {
      "BestMenu": false,
      "CategoryId": 6,
      "Description": "Quench your thirst with the Mint Lemonade, a cool and tangy beverage perfect for a hot day.",
      "Id": 51,
    "ImagePath": "https://firebasestorage.googleapis.com/v0/b/food-app-98c6e.appspot.com/o/Mint%20Lemonade.jpg?alt=media&token=47198e78-0d70-40d7-855c-85c744a0422f",
      "LocationId": 0,
      "Price": 3.99,
      "PriceId": 0,
      "Star": 4.4,
      "TimeId": 0,
      "TimeValue": 4,
      "Title": "Mint Lemonade"
    },
    {
      "BestMenu": false,
      "CategoryId": 6,
      "Description": "Beat the heat with the Mango Tango Slush, a tropical delight offering a slushy blend of mango goodness.",
      "Id": 52,
    "ImagePath": "https://firebasestorage.googleapis.com/v0/b/food-app-98c6e.appspot.com/o/Mango%20Tango%20Slush.jpg?alt=media&token=6ae21f75-9f96-4991-9fd4-435e66ea8d3e",
      "LocationId": 0,
      "Price": 4.99,
      "PriceId": 0,
      "Star": 4.7,
      "TimeId": 0,
      "TimeValue": 6,
      "Title": "Mango Tango Slush"
    },
    {
      "BestMenu": false,
      "CategoryId": 6,
      "Description": "Enjoy the soothing Green Tea Latte, a comforting blend of matcha and steamed milk for a touch of elegance.",
      "Id": 53,
    "ImagePath": "https://firebasestorage.googleapis.com/v0/b/food-app-98c6e.appspot.com/o/Green%20Tea%20Latte.jpg?alt=media&token=43d10e78-c2e8-4f17-af11-929bcfc5bebd",
      "LocationId": 0,
      "Price": 4.49,
      "PriceId": 0,
      "Star": 4.5,
      "TimeId": 0,
      "TimeValue": 8,
      "Title": "Green Tea Latte"
    },
    {
      "BestMenu": false,
      "CategoryId": 6,
      "Description": "Hydrate naturally with Coconut Water, a refreshing and electrolyte-packed beverage straight from the coconut.",
      "Id": 54,
    "ImagePath": "https://firebasestorage.googleapis.com/v0/b/food-app-98c6e.appspot.com/o/Coconut%20Water.jpg?alt=media&token=cb435ac4-9c14-4de4-bc5c-0f121e3c0986",
      "LocationId": 0,
      "Price": 2.99,
      "PriceId": 0,
      "Star": 4.3,
      "TimeId": 0,
      "TimeValue": 2,
      "Title": "Coconut Water"
    },
    {
      "BestMenu": false,
      "CategoryId": 6,
      "Description": "Indulge in the sophisticated Espresso Martini, a luxurious cocktail blending espresso, vodka, and coffee liqueur.",
      "Id": 55,
     "ImagePath": "https://firebasestorage.googleapis.com/v0/b/food-app-98c6e.appspot.com/o/Espresso%20Martini.jpg?alt=media&token=c73e350a-23f2-4bd3-9c46-5e25391c3690",
      "LocationId": 0,
      "Price": 7.99,
      "PriceId": 0,
      "Star": 4.9,
      "TimeId": 0,
      "TimeValue": 10,
      "Title": "Espresso Martini"
    },
    {
      "BestMenu": false,
      "CategoryId": 7,
      "Description": "Indulge in the classic Italian comfort of Pasta Carbonara, featuring al dente spaghetti tossed in a creamy sauce with pancetta, Parmesan cheese, and black pepper.",
      "Id": 56,
    "ImagePath": "https://firebasestorage.googleapis.com/v0/b/food-app-98c6e.appspot.com/o/Pasta%20Carbonara.jpg?alt=media&token=e9540a65-4f2d-4f39-9094-add50635f448",
      "LocationId": 1,
      "Price": 12.99,
      "PriceId": 1,
      "Star": 4.7,
      "TimeId": 1,
      "TimeValue": 22,
      "Title": "Pasta Carbonara"
    },
    {
      "BestMenu": false,
      "CategoryId": 7,
      "Description": "Experience the bold and aromatic flavors of Thai cuisine with our Thai Red Curry, a tantalizing dish with tender chicken or tofu, vegetables, and a rich red curry sauce.",
      "Id": 57,
     "ImagePath": "https://firebasestorage.googleapis.com/v0/b/food-app-98c6e.appspot.com/o/Thai%20Red%20Curry.jpg?alt=media&token=356e0523-c9b0-41e1-ad70-b68c96f29e72",
      "LocationId": 1,
      "Price": 13.49,
      "PriceId": 1,
      "Star": 4.8,
      "TimeId": 2,
      "TimeValue": 25,
      "Title": "Thai Red Curry"
    },
    {
      "BestMenu": false,
      "CategoryId": 7,
      "Description": "Savor the vibrant and flavorful Vegetarian Pad Thai, a stir-fried noodle dish with tofu, bean sprouts, peanuts, and lime for a perfect balance of sweet, sour, and savory.",
      "Id": 58,
     "ImagePath": "https://firebasestorage.googleapis.com/v0/b/food-app-98c6e.appspot.com/o/Vegetarian%20Pad%20Thai.jpg?alt=media&token=fa21e6fb-529a-40bc-8699-6b01cb5ef2c5",
      "LocationId": 1,
      "Price": 13.49,
      "PriceId": 1,
      "Star": 4.8,
      "TimeId": 1,
      "TimeValue": 25,
      "Title": "Vegetarian Pad Thai"
    },
    {
      "BestMenu": false,
      "CategoryId": 7,
      "Description": "Delight in a gourmet experience with our Spinach and Feta Stuffed Chicken, featuring succulent chicken breasts stuffed with a blend of spinach, feta cheese, and herbs.",
      "Id": 59,
     "ImagePath": "https://firebasestorage.googleapis.com/v0/b/food-app-98c6e.appspot.com/o/Spinach%20and%20Feta%20Stuffed%20Chicken.jpg?alt=media&token=c3fa0f0f-cbd7-43f5-a44f-9f474e769b03",
      "LocationId": 1,
      "Price": 14.99,
      "PriceId": 1,
      "Star": 4.9,
      "TimeId": 2,
      "TimeValue": 30,
      "Title": "Spinach and Feta Stuffed Chicken"
    },
    {
      "BestMenu": false,
      "CategoryId": 7,
      "Description": "Enjoy the savory goodness of our Beef Stir-Fry with Broccoli, a quick and delicious dish featuring tender beef strips, crisp broccoli, and a flavorful stir-fry sauce.",
      "Id": 60,
    "ImagePath": "https://firebasestorage.googleapis.com/v0/b/food-app-98c6e.appspot.com/o/Beef%20Stir-Fry%20with%20Broccoli.jpg?alt=media&token=cc7aa12d-0367-4b0e-b531-b85d40cf06d6",
      "LocationId": 1,
      "Price": 13.99,
      "PriceId": 1,
      "Star": 4.7,
      "TimeId": 2,
      "TimeValue": 32,
      "Title": "Beef Stir-Fry with Broccoli"
    },
    {
      "BestMenu": false,
      "CategoryId": 7,
      "Description": "Experience the simplicity of the Margherita Flatbread, featuring a thin and crispy crust topped with fresh tomatoes, mozzarella cheese, and basil for a taste of Italy.",
      "Id": 61,
     "ImagePath": "https://firebasestorage.googleapis.com/v0/b/food-app-98c6e.appspot.com/o/Margherita%20Flatbread.jpg?alt=media&token=cd3edd2a-c770-4ccd-9aa1-2b15ea99ad33",
      "LocationId": 1,
      "Price": 10.99,
      "PriceId": 1,
      "Star": 4.5,
      "TimeId": 1,
      "TimeValue": 18,
      "Title": "Margherita Flatbread"
    },
    {
      "BestMenu": false,
      "CategoryId": 7,
      "Description": "Embrace a nutritious and satisfying option with our Quinoa Salad Bowl, featuring a colorful medley of quinoa, mixed greens, vegetables, and a zesty vinaigrette dressing.",
      "Id": 62,
     "ImagePath": "https://firebasestorage.googleapis.com/v0/b/food-app-98c6e.appspot.com/o/Quinoa%20Salad%20Bowl.jpg?alt=media&token=80b6f8ee-a5ff-4930-972e-f9f235176ce5",
      "LocationId": 0,
      "Price": 9.99,
      "PriceId": 0,
      "Star": 4.4,
      "TimeId": 1,
      "TimeValue": 11,
      "Title": "Quinoa Salad Bowl"
    },
    {
      "BestMenu": false,
      "CategoryId": 7,
      "Description": "Indulge in the delightful flavors of Shrimp Scampi, featuring plump shrimp sautéed in a garlic-infused butter and white wine sauce, served over a bed of pasta.",
      "Id": 63,
     "ImagePath": "https://firebasestorage.googleapis.com/v0/b/food-app-98c6e.appspot.com/o/Shrimp%20Scampi.jpg?alt=media&token=f3f1f200-6b46-417b-8b5a-d1425f82b3a3",
      "LocationId": 1,
      "Price": 16.99,
      "PriceId": 1,
      "Star": 4.8,
      "TimeId": 2,
      "TimeValue": 32,
      "Title": "Shrimp Scampi"
    }
  ],
  "Location": [
    {
      "Id": 0,
      "loc": "LA california"
    },
    {
      "Id": 1,
      "loc": "NY manhattan"
    }
  ],
  "Price": [
    {
      "Id": 0,
      "Value": "1$ - 10$"
    },
    {
      "Id": 1,
      "Value": "10$ - 30$"
    },
    {
      "Id": 2,
      "Value": "more than 30$"
    }
  ],
  "Time": [
    {
      "Id": 0,
      "Value": "0 - 10 min"
    },
    {
      "Id": 1,
      "Value": "10 - 30 min"
    },
    {
      "Id": 2,
      "Value": "more than 30 min"
    }
  ]
}
